[
	{
		"inputs": [],
		"stateMutability": "nonpayable",
		"type": "constructor"
	},
	{
		"anonymous": false,
		"inputs": [
			{
				"indexed": true,
				"internalType": "address",
				"name": "supplier",
				"type": "address"
			},
			{
				"indexed": false,
				"internalType": "uint256",
				"name": "amount",
				"type": "uint256"
			}
		],
		"name": "BonusAwarded",
		"type": "event"
	},
	{
		"anonymous": false,
		"inputs": [
			{
				"indexed": true,
				"internalType": "uint256",
				"name": "orderId",
				"type": "uint256"
			},
			{
				"indexed": false,
				"internalType": "uint256",
				"name": "acceptedProducts",
				"type": "uint256"
			}
		],
		"name": "OrderAccepted",
		"type": "event"
	},
	{
		"anonymous": false,
		"inputs": [
			{
				"indexed": true,
				"internalType": "uint256",
				"name": "orderId",
				"type": "uint256"
			},
			{
				"indexed": true,
				"internalType": "address",
				"name": "supplier",
				"type": "address"
			},
			{
				"indexed": false,
				"internalType": "uint256",
				"name": "createdTime",
				"type": "uint256"
			}
		],
		"name": "OrderCreated",
		"type": "event"
	},
	{
		"anonymous": false,
		"inputs": [
			{
				"indexed": true,
				"internalType": "uint256",
				"name": "orderId",
				"type": "uint256"
			},
			{
				"indexed": false,
				"internalType": "uint256",
				"name": "deliveredTime",
				"type": "uint256"
			}
		],
		"name": "OrderDelivered",
		"type": "event"
	},
	{
		"anonymous": false,
		"inputs": [
			{
				"indexed": true,
				"internalType": "address",
				"name": "supplier",
				"type": "address"
			},
			{
				"indexed": false,
				"internalType": "uint256",
				"name": "onTimeOrders",
				"type": "uint256"
			},
			{
				"indexed": false,
				"internalType": "uint256",
				"name": "acceptedProducts",
				"type": "uint256"
			},
			{
				"indexed": false,
				"internalType": "uint256",
				"name": "totalProductCount",
				"type": "uint256"
			}
		],
		"name": "SupplierDataUpdated",
		"type": "event"
	},
	{
		"anonymous": false,
		"inputs": [
			{
				"indexed": true,
				"internalType": "address",
				"name": "supplier",
				"type": "address"
			},
			{
				"indexed": false,
				"internalType": "uint256",
				"name": "warningCount",
				"type": "uint256"
			}
		],
		"name": "WarningIssued",
		"type": "event"
	},
	{
		"inputs": [],
		"name": "addBonusToPool",
		"outputs": [],
		"stateMutability": "payable",
		"type": "function"
	},
	{
		"inputs": [],
		"name": "admin",
		"outputs": [
			{
				"internalType": "address",
				"name": "",
				"type": "address"
			}
		],
		"stateMutability": "view",
		"type": "function"
	},
	{
		"inputs": [],
		"name": "bonusPool",
		"outputs": [
			{
				"internalType": "uint256",
				"name": "",
				"type": "uint256"
			}
		],
		"stateMutability": "view",
		"type": "function"
	},
	{
		"inputs": [
			{
				"internalType": "uint256",
				"name": "totalProducts",
				"type": "uint256"
			}
		],
		"name": "createOrder",
		"outputs": [],
		"stateMutability": "nonpayable",
		"type": "function"
	},
	{
		"inputs": [
			{
				"internalType": "uint256",
				"name": "orderId",
				"type": "uint256"
			}
		],
		"name": "deliverOrder",
		"outputs": [],
		"stateMutability": "nonpayable",
		"type": "function"
	},
	{
		"inputs": [
			{
				"internalType": "address",
				"name": "supplierAddress",
				"type": "address"
			}
		],
		"name": "evaluateSupplierPerformance",
		"outputs": [],
		"stateMutability": "nonpayable",
		"type": "function"
	},
	{
		"inputs": [
			{
				"internalType": "address",
				"name": "supplierAddress",
				"type": "address"
			}
		],
		"name": "getAcceptedProductRate",
		"outputs": [
			{
				"internalType": "uint256",
				"name": "",
				"type": "uint256"
			}
		],
		"stateMutability": "view",
		"type": "function"
	},
	{
		"inputs": [
			{
				"internalType": "address",
				"name": "supplierAddress",
				"type": "address"
			}
		],
		"name": "getOnTimeDeliveryRate",
		"outputs": [
			{
				"internalType": "uint256",
				"name": "",
				"type": "uint256"
			}
		],
		"stateMutability": "view",
		"type": "function"
	},
	{
		"inputs": [
			{
				"internalType": "address",
				"name": "supplierAddress",
				"type": "address"
			}
		],
		"name": "getSupplierData",
		"outputs": [
			{
				"internalType": "uint256",
				"name": "totalOrders",
				"type": "uint256"
			},
			{
				"internalType": "uint256",
				"name": "onTimeOrders",
				"type": "uint256"
			},
			{
				"internalType": "uint256",
				"name": "totalProducts",
				"type": "uint256"
			},
			{
				"internalType": "uint256",
				"name": "acceptedProducts",
				"type": "uint256"
			},
			{
				"internalType": "uint256",
				"name": "lastEvaluationTime",
				"type": "uint256"
			},
			{
				"internalType": "uint256",
				"name": "warningCount",
				"type": "uint256"
			}
		],
		"stateMutability": "view",
		"type": "function"
	},
	{
		"inputs": [
			{
				"internalType": "address",
				"name": "supplierAddress",
				"type": "address"
			}
		],
		"name": "getSupplierOrders",
		"outputs": [
			{
				"components": [
					{
						"internalType": "uint256",
						"name": "orderId",
						"type": "uint256"
					},
					{
						"internalType": "address",
						"name": "supplierAddress",
						"type": "address"
					},
					{
						"internalType": "uint256",
						"name": "createdTime",
						"type": "uint256"
					},
					{
						"internalType": "uint256",
						"name": "deliveredTime",
						"type": "uint256"
					},
					{
						"internalType": "uint256",
						"name": "acceptedProducts",
						"type": "uint256"
					},
					{
						"internalType": "bool",
						"name": "isDelivered",
						"type": "bool"
					},
					{
						"internalType": "bool",
						"name": "isAccepted",
						"type": "bool"
					}
				],
				"internalType": "struct SupplierPerformance.Order[]",
				"name": "",
				"type": "tuple[]"
			}
		],
		"stateMutability": "view",
		"type": "function"
	},
	{
		"inputs": [
			{
				"internalType": "address",
				"name": "supplierAddress",
				"type": "address"
			}
		],
		"name": "getSupplierRanking",
		"outputs": [
			{
				"internalType": "uint256",
				"name": "",
				"type": "uint256"
			}
		],
		"stateMutability": "view",
		"type": "function"
	},
	{
		"inputs": [
			{
				"internalType": "address",
				"name": "supplierAddress",
				"type": "address"
			}
		],
		"name": "getSupplierScore",
		"outputs": [
			{
				"internalType": "uint256",
				"name": "",
				"type": "uint256"
			}
		],
		"stateMutability": "view",
		"type": "function"
	},
	{
		"inputs": [
			{
				"internalType": "address",
				"name": "supplierAddress",
				"type": "address"
			}
		],
		"name": "getSupplierWarningCount",
		"outputs": [
			{
				"internalType": "uint256",
				"name": "",
				"type": "uint256"
			}
		],
		"stateMutability": "view",
		"type": "function"
	},
	{
		"inputs": [],
		"name": "orderCounter",
		"outputs": [
			{
				"internalType": "uint256",
				"name": "",
				"type": "uint256"
			}
		],
		"stateMutability": "view",
		"type": "function"
	},
	{
		"inputs": [
			{
				"internalType": "uint256",
				"name": "",
				"type": "uint256"
			}
		],
		"name": "orders",
		"outputs": [
			{
				"internalType": "uint256",
				"name": "orderId",
				"type": "uint256"
			},
			{
				"internalType": "address",
				"name": "supplierAddress",
				"type": "address"
			},
			{
				"internalType": "uint256",
				"name": "createdTime",
				"type": "uint256"
			},
			{
				"internalType": "uint256",
				"name": "deliveredTime",
				"type": "uint256"
			},
			{
				"internalType": "uint256",
				"name": "acceptedProducts",
				"type": "uint256"
			},
			{
				"internalType": "bool",
				"name": "isDelivered",
				"type": "bool"
			},
			{
				"internalType": "bool",
				"name": "isAccepted",
				"type": "bool"
			}
		],
		"stateMutability": "view",
		"type": "function"
	},
	{
		"inputs": [
			{
				"internalType": "address",
				"name": "",
				"type": "address"
			}
		],
		"name": "supplierOrderCounter",
		"outputs": [
			{
				"internalType": "uint256",
				"name": "",
				"type": "uint256"
			}
		],
		"stateMutability": "view",
		"type": "function"
	},
	{
		"inputs": [
			{
				"internalType": "address",
				"name": "",
				"type": "address"
			},
			{
				"internalType": "uint256",
				"name": "",
				"type": "uint256"
			}
		],
		"name": "supplierOrders",
		"outputs": [
			{
				"internalType": "uint256",
				"name": "",
				"type": "uint256"
			}
		],
		"stateMutability": "view",
		"type": "function"
	},
	{
		"inputs": [
			{
				"internalType": "uint256",
				"name": "",
				"type": "uint256"
			}
		],
		"name": "supplierScores",
		"outputs": [
			{
				"internalType": "address",
				"name": "supplierAddress",
				"type": "address"
			},
			{
				"internalType": "uint256",
				"name": "score",
				"type": "uint256"
			}
		],
		"stateMutability": "view",
		"type": "function"
	},
	{
		"inputs": [
			{
				"internalType": "address",
				"name": "",
				"type": "address"
			}
		],
		"name": "suppliers",
		"outputs": [
			{
				"internalType": "uint256",
				"name": "totalOrders",
				"type": "uint256"
			},
			{
				"internalType": "uint256",
				"name": "onTimeOrders",
				"type": "uint256"
			},
			{
				"internalType": "uint256",
				"name": "totalProducts",
				"type": "uint256"
			},
			{
				"internalType": "uint256",
				"name": "acceptedProducts",
				"type": "uint256"
			},
			{
				"internalType": "uint256",
				"name": "lastEvaluationTime",
				"type": "uint256"
			},
			{
				"internalType": "uint256",
				"name": "warningCount",
				"type": "uint256"
			}
		],
		"stateMutability": "view",
		"type": "function"
	},
	{
		"inputs": [
			{
				"internalType": "uint256",
				"name": "orderId",
				"type": "uint256"
			},
			{
				"internalType": "uint256",
				"name": "acceptedProducts",
				"type": "uint256"
			}
		],
		"name": "updateSupplierData",
		"outputs": [],
		"stateMutability": "nonpayable",
		"type": "function"
	}
]